{"cameraMode":{"drawMode":0,"name":"Shaded","section":"Shading Mode"},"sceneLighting":false,"audioPlay":false,"sceneViewState":{"showFog":true,"showMaterialUpdate":false,"showSkybox":false,"showFlares":true,"showImageEffects":true,"showParticleSystems":true},"in2DMode":false,"pivot":{"x":7.8067755699157719,"y":2.7654881477355959,"z":3.3986611366271974},"rotation":{"x":-0.22559477388858796,"y":-0.49434319138526919,"z":0.134585902094841,"w":-0.8286246061325073},"size":15.267926216125489,"orthographic":false}