{"cameraMode":{"drawMode":0,"name":"Shaded","section":"Shading Mode"},"sceneLighting":false,"audioPlay":false,"sceneViewState":{"showFog":true,"showMaterialUpdate":false,"showSkybox":false,"showFlares":true,"showImageEffects":true,"showParticleSystems":true},"in2DMode":false,"pivot":{"x":6.89639949798584,"y":4.669123649597168,"z":2.6581411361694338},"rotation":{"x":-0.21483752131462098,"y":-0.48503056168556216,"z":0.12426695227622986,"w":-0.8385393023490906},"size":10.518682479858399,"orthographic":false}